{
  "training_time": 0.0003216266632080078,
  "training_results": {
    "text_generation": {
      "coherence": 0.9079392849512166,
      "fluency": 0.9121945805840183,
      "diversity": 0.8428789333459422,
      "relevance": 0.9082352854266844,
      "creativity": 0.8117667688043282,
      "overall": 0.876602970622438
    },
    "reasoning": {
      "logical_deduction": 0.9433380856176082,
      "causal_reasoning": 0.8620186351037314,
      "analogical_reasoning": 0.801946738555708,
      "abstract_reasoning": 0.7874527637170027,
      "ethical_reasoning": 0.8380891921224572,
      "overall": 0.8465690830233015
    },
    "math": {
      "algebra": 0.930657889848347,
      "calculus": 0.8612343849522485,
      "statistics": 0.8854735287268963,
      "geometry": 0.8831500746615694,
      "discrete_math": 0.8472767885665003,
      "overall": 0.8815585333511123
    },
    "coding": {
      "algorithm_correctness": 0.9037190913843158,
      "code_quality": 0.9085109697301463,
      "efficiency": 0.8737819484461861,
      "syntax_correctness": 0.9481789879022555,
      "problem_solving": 0.8952474019787665,
      "overall": 0.905887679888334
    },
    "knowledge": {
      "factual_accuracy": 0.9523366556764078,
      "comprehensiveness": 0.8922198584736477,
      "cross_domain_integration": 0.8463027104602994,
      "depth_of_understanding": 0.8827655093481385,
      "contextual_relevance": 0.889911985925513,
      "overall": 0.8927073439768012
    }
  },
  "overall_scores": {
    "text_generation": 0.876602970622438,
    "reasoning": 0.8465690830233015,
    "math": 0.8815585333511123,
    "coding": 0.905887679888334,
    "knowledge": 0.8927073439768012,
    "combined": 0.8768939736614275
  },
  "baseline_comparisons": {
    "vs_gpt4": 5.689397366142757,
    "vs_claude": 8.689397366142748,
    "vs_glm": 11.689397366142751,
    "vs_human": -7.310602633857243
  },
  "continuous_learning": {
    "initial_performance": 0.8768939736614275,
    "final_performance": 0.98,
    "improvement": 0.10310602633857247,
    "learning_curve": [
      0.8869806255585491,
      0.8943921767003017,
      0.906799212009993,
      0.9203870068299652,
      0.9194103373363615,
      0.9208675815992267,
      0.9306937487695677,
      0.932956506534396,
      0.9449400572554558,
      0.9546996741896933,
      0.9593228651865348,
      0.9599918012164738,
      0.9698010018746219,
      0.9704962517677606,
      0.9777227516140926,
      0.98,
      0.98,
      0.98,
      0.9784545969742758,
      0.98
    ],
    "adaptation_events": [
      {
        "cycle": 0,
        "performance": 0.8869806255585491,
        "adaptation": "knowledge_integration"
      },
      {
        "cycle": 5,
        "performance": 0.9208675815992267,
        "adaptation": "knowledge_integration"
      },
      {
        "cycle": 10,
        "performance": 0.9593228651865348,
        "adaptation": "knowledge_integration"
      },
      {
        "cycle": 15,
        "performance": 0.98,
        "adaptation": "knowledge_integration"
      }
    ]
  },
  "final_performance": 0.98
}